District,Taluk
Bagalkote,Badami
Bagalkote,Bagalkote
Bagalkote,Bilagi
Bagalkote,Hungund
Bagalkote,Ilkal
Bagalkote,Jamkhandi
Bagalkote,Mudhol
Bagalkote,Rabkavi-Banahatti
Ballari,Ballari
Ballari,Hosapete
Ballari,Kampli
Ballari,Kudligi
Ballari,Kurugodu
Ballari,Sandur
Ballari,Siruguppa
Belagavi,Athani
Belagavi,Bailhongal
Belagavi,Belagavi
Belagavi,Chikkodi
Belagavi,Gokak
Belagavi,Hukkeri
Belagavi,Kagwad
Belagavi,Khanapur
Belagavi,Mudalagi
Belagavi,Nippani
Belagavi,Ramdurg
Belagavi,Raibag
Belagavi,Kittur
Bengaluru Rural,Devanahalli
Bengaluru Rural,Doddaballapura
Bengaluru Rural,Hoskote
Bengaluru Rural,Nelamangala
Bengaluru Urban,Anekal
Bengaluru Urban,Bengaluru East
Bengaluru Urban,Bengaluru North
Bengaluru Urban,Bengaluru South
Bengaluru Urban,Yelahanka
Bidar,Aurad
Bidar,Basavakalyan
Bidar,Bhalki
Bidar,Bidar
Bidar,Humnabad
Bidar,Kamalnagar
Chamarajanagar,Chamarajanagar
Chamarajanagar,Gundlupet
Chamarajanagar,Hanur
Chamarajanagar,Kollegal
Chamarajanagar,Yelandur
Chikkaballapur,Bagepalli
Chikkaballapur,Chikkaballapur
Chikkaballapur,Chintamani
Chikkaballapur,Gauribidanur
Chikkaballapur,Gudibanda
Chikkaballapur,Sidlaghatta
Chikkamagaluru,Chikkamagaluru
Chikkamagaluru,Kadur
Chikkamagaluru,Koppa
Chikkamagaluru,Mudigere
Chikkamagaluru,Narasimharajapura
Chikkamagaluru,Sringeri
Chikkamagaluru,Tarikere
Chikkamagaluru,Kalasa
Chitradurga,Challakere
Chitradurga,Chitradurga
Chitradurga,Hiriyur
Chitradurga,Holalkere
Chitradurga,Hosadurga
Chitradurga,Molakalmuru
Dakshina Kannada,Bantwal
Dakshina Kannada,Belthangady
Dakshina Kannada,Kadaba
Dakshina Kannada,Mangaluru
Dakshina Kannada,Moodabidri
Dakshina Kannada,Puttur
Dakshina Kannada,Sullia
Davanagere,Channagiri
Davanagere,Davanagere
Davanagere,Harihar
Davanagere,Honnali
Davanagere,Jagalur
Davanagere,Nyamathi
Dharwad,Dharwad
Dharwad,Hubballi
Dharwad,Kalghatgi
Dharwad,Kundgol
Dharwad,Navalgund
Dharwad,Alnavar
Dharwad,Annigeri
Gadag,Gadag
Gadag,Gajendragad
Gadag,Mundargi
Gadag,Nargund
Gadag,Ron
Gadag,Shirahatti
Hassan,Alur
Hassan,Arkalgud
Hassan,Arsikere
Hassan,Belur
Hassan,Channarayapatna
Hassan,Hassan
Hassan,Holenarasipura
Hassan,Sakleshpur
Haveri,Byadgi
Haveri,Hangal
Haveri,Haveri
Haveri,Hirekerur
Haveri,Ranebennur
Haveri,Savanur
Haveri,Shiggaon
Haveri,Rattihalli
Kalaburagi,Afzalpur
Kalaburagi,Aland
Kalaburagi,Chincholi
Kalaburagi,Chitapur
Kalaburagi,Jewargi
Kalaburagi,Kalaburagi
Kalaburagi,Sedam
Kalaburagi,Kamalapur
Kodagu,Madikeri
Kodagu,Somwarpet
Kodagu,Virajpet
Kodagu,Kushalnagar
Kodagu,Ponnampet
Kolar,Bangarapet
Kolar,KGF
Kolar,Kolar
Kolar,Malur
Kolar,Mulbagal
Kolar,Srinivaspur
Koppal,Gangavathi
Koppal,Kanakagiri
Koppal,Koppal
Koppal,Kushtagi
Koppal,Yelburga
Mandya,KR Pet
Mandya,Maddur
Mandya,Malavalli
Mandya,Mandya
Mandya,Nagamangala
Mandya,Pandavapura
Mandya,Srirangapatna
Mysuru,Heggadadevankote
Mysuru,Hunsur
Mysuru,KR Nagar
Mysuru,Mysuru
Mysuru,Nanjangud
Mysuru,Periyapatna
Mysuru,Saragur
Mysuru,T Narasipura
Raichur,Devadurga
Raichur,Lingsugur
Raichur,Manvi
Raichur,Maski
Raichur,Raichur
Raichur,Sindhanur
Raichur,Sirwar
Ramanagara,Channapatna
Ramanagara,Harohalli
Ramanagara,Kanakapura
Ramanagara,Magadi
Ramanagara,Ramanagara
Shivamogga,Bhadravati
Shivamogga,Hosanagara
Shivamogga,Sagara
Shivamogga,Shikaripura
Shivamogga,Shivamogga
Shivamogga,Soraba
Shivamogga,Thirthahalli
Tumakuru,Chikkanayakanahalli
Tumakuru,Gubbi
Tumakuru,Koratagere
Tumakuru,Kunigal
Tumakuru,Madhugiri
Tumakuru,Pavagada
Tumakuru,Sira
Tumakuru,Tiptur
Tumakuru,Tumakuru
Tumakuru,Turuvekere
Udupi,Brahmavar
Udupi,Byndoor
Udupi,Hebri
Udupi,Kapu
Udupi,Karkala
Udupi,Kundapura
Udupi,Udupi
Uttara Kannada,Ankola
Uttara Kannada,Bhatkal
Uttara Kannada,Dandeli
Uttara Kannada,Haliyal
Uttara Kannada,Honnavar
Uttara Kannada,Joida
Uttara Kannada,Karwar
Uttara Kannada,Kumta
Uttara Kannada,Mundgod
Uttara Kannada,Siddapur
Uttara Kannada,Sirsi
Uttara Kannada,Yellapur
Vijayapura,Basavana Bagewadi
Vijayapura,Indi
Vijayapura,Muddebihal
Vijayapura,Nagathan
Vijayapura,Sindagi
Vijayapura,Tikota
Vijayapura,Vijayapura
Vijayanagara,Harapanahalli
Vijayanagara,Hagaribommanahalli
Vijayanagara,Hadagali
Vijayanagara,Hospete
Vijayanagara,Hoovina Hadagali
Vijayanagara,Kotturu
Yadgir,Gurmitkal
Yadgir,Shahapur
Yadgir,Shorapur
Yadgir,Vadagera
Yadgir,Yadgir
