ID,Category,Commodity
1,Vegetable,Tomato
2,Vegetable,Tomato Variety 1
3,Vegetable,Tomato Variety 2
4,Vegetable,Tomato Variety 3
5,Vegetable,Tomato Variety 4
6,Vegetable,Tomato Variety 5
7,Vegetable,Tomato Variety 6
8,Vegetable,Tomato Variety 7
9,Vegetable,Tomato Variety 8
10,Vegetable,Tomato Variety 9
11,Vegetable,Tomato Variety 10
12,Vegetable,Tomato Variety 11
13,Vegetable,Tomato Variety 12
14,Vegetable,Potato
15,Vegetable,Potato Variety 1
16,Vegetable,Potato Variety 2
17,Vegetable,Potato Variety 3
18,Vegetable,Potato Variety 4
19,Vegetable,Potato Variety 5
20,Vegetable,Potato Variety 6
21,Vegetable,Potato Variety 7
22,Vegetable,Potato Variety 8
23,Vegetable,Potato Variety 9
24,Vegetable,Potato Variety 10
25,Vegetable,Potato Variety 11
26,Vegetable,Potato Variety 12
27,Vegetable,Onion
28,Vegetable,Onion Variety 1
29,Vegetable,Onion Variety 2
30,Vegetable,Onion Variety 3
31,Vegetable,Onion Variety 4
32,Vegetable,Onion Variety 5
33,Vegetable,Onion Variety 6
34,Vegetable,Onion Variety 7
35,Vegetable,Onion Variety 8
36,Vegetable,Onion Variety 9
37,Vegetable,Onion Variety 10
38,Vegetable,Onion Variety 11
39,Vegetable,Onion Variety 12
40,Vegetable,Brinjal
41,Vegetable,Brinjal Variety 1
42,Vegetable,Brinjal Variety 2
43,Vegetable,Brinjal Variety 3
44,Vegetable,Brinjal Variety 4
45,Vegetable,Brinjal Variety 5
46,Vegetable,Brinjal Variety 6
47,Vegetable,Brinjal Variety 7
48,Vegetable,Brinjal Variety 8
49,Vegetable,Brinjal Variety 9
50,Vegetable,Brinjal Variety 10
51,Vegetable,Brinjal Variety 11
52,Vegetable,Brinjal Variety 12
53,Vegetable,Cabbage
54,Vegetable,Cabbage Variety 1
55,Vegetable,Cabbage Variety 2
56,Vegetable,Cabbage Variety 3
57,Vegetable,Cabbage Variety 4
58,Vegetable,Cabbage Variety 5
59,Vegetable,Cabbage Variety 6
60,Vegetable,Cabbage Variety 7
61,Vegetable,Cabbage Variety 8
62,Vegetable,Cabbage Variety 9
63,Vegetable,Cabbage Variety 10
64,Vegetable,Cabbage Variety 11
65,Vegetable,Cabbage Variety 12
66,Vegetable,Cauliflower
67,Vegetable,Cauliflower Variety 1
68,Vegetable,Cauliflower Variety 2
69,Vegetable,Cauliflower Variety 3
70,Vegetable,Cauliflower Variety 4
71,Vegetable,Cauliflower Variety 5
72,Vegetable,Cauliflower Variety 6
73,Vegetable,Cauliflower Variety 7
74,Vegetable,Cauliflower Variety 8
75,Vegetable,Cauliflower Variety 9
76,Vegetable,Cauliflower Variety 10
77,Vegetable,Cauliflower Variety 11
78,Vegetable,Cauliflower Variety 12
79,Vegetable,Carrot
80,Vegetable,Carrot Variety 1
81,Vegetable,Carrot Variety 2
82,Vegetable,Carrot Variety 3
83,Vegetable,Carrot Variety 4
84,Vegetable,Carrot Variety 5
85,Vegetable,Carrot Variety 6
86,Vegetable,Carrot Variety 7
87,Vegetable,Carrot Variety 8
88,Vegetable,Carrot Variety 9
89,Vegetable,Carrot Variety 10
90,Vegetable,Carrot Variety 11
91,Vegetable,Carrot Variety 12
92,Vegetable,Radish
93,Vegetable,Radish Variety 1
94,Vegetable,Radish Variety 2
95,Vegetable,Radish Variety 3
96,Vegetable,Radish Variety 4
97,Vegetable,Radish Variety 5
98,Vegetable,Radish Variety 6
99,Vegetable,Radish Variety 7
100,Vegetable,Radish Variety 8
101,Vegetable,Radish Variety 9
102,Vegetable,Radish Variety 10
103,Vegetable,Radish Variety 11
104,Vegetable,Radish Variety 12
105,Vegetable,Beetroot
106,Vegetable,Beetroot Variety 1
107,Vegetable,Beetroot Variety 2
108,Vegetable,Beetroot Variety 3
109,Vegetable,Beetroot Variety 4
110,Vegetable,Beetroot Variety 5
111,Vegetable,Beetroot Variety 6
112,Vegetable,Beetroot Variety 7
113,Vegetable,Beetroot Variety 8
114,Vegetable,Beetroot Variety 9
115,Vegetable,Beetroot Variety 10
116,Vegetable,Beetroot Variety 11
117,Vegetable,Beetroot Variety 12
118,Vegetable,Capsicum
119,Vegetable,Capsicum Variety 1
120,Vegetable,Capsicum Variety 2
121,Vegetable,Capsicum Variety 3
122,Vegetable,Capsicum Variety 4
123,Vegetable,Capsicum Variety 5
124,Vegetable,Capsicum Variety 6
125,Vegetable,Capsicum Variety 7
126,Vegetable,Capsicum Variety 8
127,Vegetable,Capsicum Variety 9
128,Vegetable,Capsicum Variety 10
129,Vegetable,Capsicum Variety 11
130,Vegetable,Capsicum Variety 12
131,Vegetable,Green Chilli
132,Vegetable,Green Chilli Variety 1
133,Vegetable,Green Chilli Variety 2
134,Vegetable,Green Chilli Variety 3
135,Vegetable,Green Chilli Variety 4
136,Vegetable,Green Chilli Variety 5
137,Vegetable,Green Chilli Variety 6
138,Vegetable,Green Chilli Variety 7
139,Vegetable,Green Chilli Variety 8
140,Vegetable,Green Chilli Variety 9
141,Vegetable,Green Chilli Variety 10
142,Vegetable,Green Chilli Variety 11
143,Vegetable,Green Chilli Variety 12
144,Vegetable,Red Chilli
145,Vegetable,Red Chilli Variety 1
146,Vegetable,Red Chilli Variety 2
147,Vegetable,Red Chilli Variety 3
148,Vegetable,Red Chilli Variety 4
149,Vegetable,Red Chilli Variety 5
150,Vegetable,Red Chilli Variety 6
151,Vegetable,Red Chilli Variety 7
152,Vegetable,Red Chilli Variety 8
153,Vegetable,Red Chilli Variety 9
154,Vegetable,Red Chilli Variety 10
155,Vegetable,Red Chilli Variety 11
156,Vegetable,Red Chilli Variety 12
157,Vegetable,Okra
158,Vegetable,Okra Variety 1
159,Vegetable,Okra Variety 2
160,Vegetable,Okra Variety 3
161,Vegetable,Okra Variety 4
162,Vegetable,Okra Variety 5
163,Vegetable,Okra Variety 6
164,Vegetable,Okra Variety 7
165,Vegetable,Okra Variety 8
166,Vegetable,Okra Variety 9
167,Vegetable,Okra Variety 10
168,Vegetable,Okra Variety 11
169,Vegetable,Okra Variety 12
170,Vegetable,Bottle Gourd
171,Vegetable,Bottle Gourd Variety 1
172,Vegetable,Bottle Gourd Variety 2
173,Vegetable,Bottle Gourd Variety 3
174,Vegetable,Bottle Gourd Variety 4
175,Vegetable,Bottle Gourd Variety 5
176,Vegetable,Bottle Gourd Variety 6
177,Vegetable,Bottle Gourd Variety 7
178,Vegetable,Bottle Gourd Variety 8
179,Vegetable,Bottle Gourd Variety 9
180,Vegetable,Bottle Gourd Variety 10
181,Vegetable,Bottle Gourd Variety 11
182,Vegetable,Bottle Gourd Variety 12
183,Vegetable,Bitter Gourd
184,Vegetable,Bitter Gourd Variety 1
185,Vegetable,Bitter Gourd Variety 2
186,Vegetable,Bitter Gourd Variety 3
187,Vegetable,Bitter Gourd Variety 4
188,Vegetable,Bitter Gourd Variety 5
189,Vegetable,Bitter Gourd Variety 6
190,Vegetable,Bitter Gourd Variety 7
191,Vegetable,Bitter Gourd Variety 8
192,Vegetable,Bitter Gourd Variety 9
193,Vegetable,Bitter Gourd Variety 10
194,Vegetable,Bitter Gourd Variety 11
195,Vegetable,Bitter Gourd Variety 12
196,Vegetable,Ridge Gourd
197,Vegetable,Ridge Gourd Variety 1
198,Vegetable,Ridge Gourd Variety 2
199,Vegetable,Ridge Gourd Variety 3
200,Vegetable,Ridge Gourd Variety 4
201,Vegetable,Ridge Gourd Variety 5
202,Vegetable,Ridge Gourd Variety 6
203,Vegetable,Ridge Gourd Variety 7
204,Vegetable,Ridge Gourd Variety 8
205,Vegetable,Ridge Gourd Variety 9
206,Vegetable,Ridge Gourd Variety 10
207,Vegetable,Ridge Gourd Variety 11
208,Vegetable,Ridge Gourd Variety 12
209,Vegetable,Snake Gourd
210,Vegetable,Snake Gourd Variety 1
211,Vegetable,Snake Gourd Variety 2
212,Vegetable,Snake Gourd Variety 3
213,Vegetable,Snake Gourd Variety 4
214,Vegetable,Snake Gourd Variety 5
215,Vegetable,Snake Gourd Variety 6
216,Vegetable,Snake Gourd Variety 7
217,Vegetable,Snake Gourd Variety 8
218,Vegetable,Snake Gourd Variety 9
219,Vegetable,Snake Gourd Variety 10
220,Vegetable,Snake Gourd Variety 11
221,Vegetable,Snake Gourd Variety 12
222,Vegetable,Ash Gourd
223,Vegetable,Ash Gourd Variety 1
224,Vegetable,Ash Gourd Variety 2
225,Vegetable,Ash Gourd Variety 3
226,Vegetable,Ash Gourd Variety 4
227,Vegetable,Ash Gourd Variety 5
228,Vegetable,Ash Gourd Variety 6
229,Vegetable,Ash Gourd Variety 7
230,Vegetable,Ash Gourd Variety 8
231,Vegetable,Ash Gourd Variety 9
232,Vegetable,Ash Gourd Variety 10
233,Vegetable,Ash Gourd Variety 11
234,Vegetable,Ash Gourd Variety 12
235,Vegetable,Pumpkin
236,Vegetable,Pumpkin Variety 1
237,Vegetable,Pumpkin Variety 2
238,Vegetable,Pumpkin Variety 3
239,Vegetable,Pumpkin Variety 4
240,Vegetable,Pumpkin Variety 5
241,Vegetable,Pumpkin Variety 6
242,Vegetable,Pumpkin Variety 7
243,Vegetable,Pumpkin Variety 8
244,Vegetable,Pumpkin Variety 9
245,Vegetable,Pumpkin Variety 10
246,Vegetable,Pumpkin Variety 11
247,Vegetable,Pumpkin Variety 12
248,Vegetable,Cucumber
249,Vegetable,Cucumber Variety 1
250,Vegetable,Cucumber Variety 2
251,Vegetable,Cucumber Variety 3
252,Vegetable,Cucumber Variety 4
253,Vegetable,Cucumber Variety 5
254,Vegetable,Cucumber Variety 6
255,Vegetable,Cucumber Variety 7
256,Vegetable,Cucumber Variety 8
257,Vegetable,Cucumber Variety 9
258,Vegetable,Cucumber Variety 10
259,Vegetable,Cucumber Variety 11
260,Vegetable,Cucumber Variety 12
261,Vegetable,Beans
262,Vegetable,Beans Variety 1
263,Vegetable,Beans Variety 2
264,Vegetable,Beans Variety 3
265,Vegetable,Beans Variety 4
266,Vegetable,Beans Variety 5
267,Vegetable,Beans Variety 6
268,Vegetable,Beans Variety 7
269,Vegetable,Beans Variety 8
270,Vegetable,Beans Variety 9
271,Vegetable,Beans Variety 10
272,Vegetable,Beans Variety 11
273,Vegetable,Beans Variety 12
274,Vegetable,Cluster Beans
275,Vegetable,Cluster Beans Variety 1
276,Vegetable,Cluster Beans Variety 2
277,Vegetable,Cluster Beans Variety 3
278,Vegetable,Cluster Beans Variety 4
279,Vegetable,Cluster Beans Variety 5
280,Vegetable,Cluster Beans Variety 6
281,Vegetable,Cluster Beans Variety 7
282,Vegetable,Cluster Beans Variety 8
283,Vegetable,Cluster Beans Variety 9
284,Vegetable,Cluster Beans Variety 10
285,Vegetable,Cluster Beans Variety 11
286,Vegetable,Cluster Beans Variety 12
287,Vegetable,French Beans
288,Vegetable,French Beans Variety 1
289,Vegetable,French Beans Variety 2
290,Vegetable,French Beans Variety 3
291,Vegetable,French Beans Variety 4
292,Vegetable,French Beans Variety 5
293,Vegetable,French Beans Variety 6
294,Vegetable,French Beans Variety 7
295,Vegetable,French Beans Variety 8
296,Vegetable,French Beans Variety 9
297,Vegetable,French Beans Variety 10
298,Vegetable,French Beans Variety 11
299,Vegetable,French Beans Variety 12
300,Vegetable,Drumstick
301,Vegetable,Drumstick Variety 1
302,Vegetable,Drumstick Variety 2
303,Vegetable,Drumstick Variety 3
304,Vegetable,Drumstick Variety 4
305,Vegetable,Drumstick Variety 5
306,Vegetable,Drumstick Variety 6
307,Vegetable,Drumstick Variety 7
308,Vegetable,Drumstick Variety 8
309,Vegetable,Drumstick Variety 9
310,Vegetable,Drumstick Variety 10
311,Vegetable,Drumstick Variety 11
312,Vegetable,Drumstick Variety 12
313,Vegetable,Peas
314,Vegetable,Peas Variety 1
315,Vegetable,Peas Variety 2
316,Vegetable,Peas Variety 3
317,Vegetable,Peas Variety 4
318,Vegetable,Peas Variety 5
319,Vegetable,Peas Variety 6
320,Vegetable,Peas Variety 7
321,Vegetable,Peas Variety 8
322,Vegetable,Peas Variety 9
323,Vegetable,Peas Variety 10
324,Vegetable,Peas Variety 11
325,Vegetable,Peas Variety 12
326,Vegetable,Sweet Corn
327,Vegetable,Sweet Corn Variety 1
328,Vegetable,Sweet Corn Variety 2
329,Vegetable,Sweet Corn Variety 3
330,Vegetable,Sweet Corn Variety 4
331,Vegetable,Sweet Corn Variety 5
332,Vegetable,Sweet Corn Variety 6
333,Vegetable,Sweet Corn Variety 7
334,Vegetable,Sweet Corn Variety 8
335,Vegetable,Sweet Corn Variety 9
336,Vegetable,Sweet Corn Variety 10
337,Vegetable,Sweet Corn Variety 11
338,Vegetable,Sweet Corn Variety 12
339,Vegetable,Spinach
340,Vegetable,Spinach Variety 1
341,Vegetable,Spinach Variety 2
342,Vegetable,Spinach Variety 3
343,Vegetable,Spinach Variety 4
344,Vegetable,Spinach Variety 5
345,Vegetable,Spinach Variety 6
346,Vegetable,Spinach Variety 7
347,Vegetable,Spinach Variety 8
348,Vegetable,Spinach Variety 9
349,Vegetable,Spinach Variety 10
350,Vegetable,Spinach Variety 11
351,Vegetable,Spinach Variety 12
352,Vegetable,Fenugreek Leaves
353,Vegetable,Fenugreek Leaves Variety 1
354,Vegetable,Fenugreek Leaves Variety 2
355,Vegetable,Fenugreek Leaves Variety 3
356,Vegetable,Fenugreek Leaves Variety 4
357,Vegetable,Fenugreek Leaves Variety 5
358,Vegetable,Fenugreek Leaves Variety 6
359,Vegetable,Fenugreek Leaves Variety 7
360,Vegetable,Fenugreek Leaves Variety 8
361,Vegetable,Fenugreek Leaves Variety 9
362,Vegetable,Fenugreek Leaves Variety 10
363,Vegetable,Fenugreek Leaves Variety 11
364,Vegetable,Fenugreek Leaves Variety 12
365,Vegetable,Coriander Leaves
366,Vegetable,Coriander Leaves Variety 1
367,Vegetable,Coriander Leaves Variety 2
368,Vegetable,Coriander Leaves Variety 3
369,Vegetable,Coriander Leaves Variety 4
370,Vegetable,Coriander Leaves Variety 5
371,Vegetable,Coriander Leaves Variety 6
372,Vegetable,Coriander Leaves Variety 7
373,Vegetable,Coriander Leaves Variety 8
374,Vegetable,Coriander Leaves Variety 9
375,Vegetable,Coriander Leaves Variety 10
376,Vegetable,Coriander Leaves Variety 11
377,Vegetable,Coriander Leaves Variety 12
378,Vegetable,Mint
379,Vegetable,Mint Variety 1
380,Vegetable,Mint Variety 2
381,Vegetable,Mint Variety 3
382,Vegetable,Mint Variety 4
383,Vegetable,Mint Variety 5
384,Vegetable,Mint Variety 6
385,Vegetable,Mint Variety 7
386,Vegetable,Mint Variety 8
387,Vegetable,Mint Variety 9
388,Vegetable,Mint Variety 10
389,Vegetable,Mint Variety 11
390,Vegetable,Mint Variety 12
391,Vegetable,Garlic
392,Vegetable,Garlic Variety 1
393,Vegetable,Garlic Variety 2
394,Vegetable,Garlic Variety 3
395,Vegetable,Garlic Variety 4
396,Vegetable,Garlic Variety 5
397,Vegetable,Garlic Variety 6
398,Vegetable,Garlic Variety 7
399,Vegetable,Garlic Variety 8
400,Vegetable,Garlic Variety 9
401,Vegetable,Garlic Variety 10
402,Vegetable,Garlic Variety 11
403,Vegetable,Garlic Variety 12
404,Vegetable,Ginger
405,Vegetable,Ginger Variety 1
406,Vegetable,Ginger Variety 2
407,Vegetable,Ginger Variety 3
408,Vegetable,Ginger Variety 4
409,Vegetable,Ginger Variety 5
410,Vegetable,Ginger Variety 6
411,Vegetable,Ginger Variety 7
412,Vegetable,Ginger Variety 8
413,Vegetable,Ginger Variety 9
414,Vegetable,Ginger Variety 10
415,Vegetable,Ginger Variety 11
416,Vegetable,Ginger Variety 12
417,Vegetable,Spring Onion
418,Vegetable,Spring Onion Variety 1
419,Vegetable,Spring Onion Variety 2
420,Vegetable,Spring Onion Variety 3
421,Vegetable,Spring Onion Variety 4
422,Vegetable,Spring Onion Variety 5
423,Vegetable,Spring Onion Variety 6
424,Vegetable,Spring Onion Variety 7
425,Vegetable,Spring Onion Variety 8
426,Vegetable,Spring Onion Variety 9
427,Vegetable,Spring Onion Variety 10
428,Vegetable,Spring Onion Variety 11
429,Vegetable,Spring Onion Variety 12
430,Vegetable,Raw Banana
431,Vegetable,Raw Banana Variety 1
432,Vegetable,Raw Banana Variety 2
433,Vegetable,Raw Banana Variety 3
434,Vegetable,Raw Banana Variety 4
435,Vegetable,Raw Banana Variety 5
436,Vegetable,Raw Banana Variety 6
437,Vegetable,Raw Banana Variety 7
438,Vegetable,Raw Banana Variety 8
439,Vegetable,Raw Banana Variety 9
440,Vegetable,Raw Banana Variety 10
441,Vegetable,Raw Banana Variety 11
442,Vegetable,Raw Banana Variety 12
443,Vegetable,Elephant Yam
444,Vegetable,Elephant Yam Variety 1
445,Vegetable,Elephant Yam Variety 2
446,Vegetable,Elephant Yam Variety 3
447,Vegetable,Elephant Yam Variety 4
448,Vegetable,Elephant Yam Variety 5
449,Vegetable,Elephant Yam Variety 6
450,Vegetable,Elephant Yam Variety 7
451,Vegetable,Elephant Yam Variety 8
452,Vegetable,Elephant Yam Variety 9
453,Vegetable,Elephant Yam Variety 10
454,Vegetable,Elephant Yam Variety 11
455,Vegetable,Elephant Yam Variety 12
456,Vegetable,Tapioca
457,Vegetable,Tapioca Variety 1
458,Vegetable,Tapioca Variety 2
459,Vegetable,Tapioca Variety 3
460,Vegetable,Tapioca Variety 4
461,Vegetable,Tapioca Variety 5
462,Vegetable,Tapioca Variety 6
463,Vegetable,Tapioca Variety 7
464,Vegetable,Tapioca Variety 8
465,Vegetable,Tapioca Variety 9
466,Vegetable,Tapioca Variety 10
467,Vegetable,Tapioca Variety 11
468,Vegetable,Tapioca Variety 12
469,Vegetable,Colocasia
470,Vegetable,Colocasia Variety 1
471,Vegetable,Colocasia Variety 2
472,Vegetable,Colocasia Variety 3
473,Vegetable,Colocasia Variety 4
474,Vegetable,Colocasia Variety 5
475,Vegetable,Colocasia Variety 6
476,Vegetable,Colocasia Variety 7
477,Vegetable,Colocasia Variety 8
478,Vegetable,Colocasia Variety 9
479,Vegetable,Colocasia Variety 10
480,Vegetable,Colocasia Variety 11
481,Vegetable,Colocasia Variety 12
482,Vegetable,Mushroom
483,Vegetable,Mushroom Variety 1
484,Vegetable,Mushroom Variety 2
485,Vegetable,Mushroom Variety 3
486,Vegetable,Mushroom Variety 4
487,Vegetable,Mushroom Variety 5
488,Vegetable,Mushroom Variety 6
489,Vegetable,Mushroom Variety 7
490,Vegetable,Mushroom Variety 8
491,Vegetable,Mushroom Variety 9
492,Vegetable,Mushroom Variety 10
493,Vegetable,Mushroom Variety 11
494,Vegetable,Mushroom Variety 12
495,Vegetable,Celery
496,Vegetable,Celery Variety 1
497,Vegetable,Celery Variety 2
498,Vegetable,Celery Variety 3
499,Vegetable,Celery Variety 4
500,Vegetable,Celery Variety 5
501,Vegetable,Celery Variety 6
502,Vegetable,Celery Variety 7
503,Vegetable,Celery Variety 8
504,Vegetable,Celery Variety 9
505,Vegetable,Celery Variety 10
506,Vegetable,Celery Variety 11
507,Vegetable,Celery Variety 12
508,Vegetable,Leek
509,Vegetable,Leek Variety 1
510,Vegetable,Leek Variety 2
511,Vegetable,Leek Variety 3
512,Vegetable,Leek Variety 4
513,Vegetable,Leek Variety 5
514,Vegetable,Leek Variety 6
515,Vegetable,Leek Variety 7
516,Vegetable,Leek Variety 8
517,Vegetable,Leek Variety 9
518,Vegetable,Leek Variety 10
519,Vegetable,Leek Variety 11
520,Vegetable,Leek Variety 12
521,Vegetable,Zucchini
522,Vegetable,Zucchini Variety 1
523,Vegetable,Zucchini Variety 2
524,Vegetable,Zucchini Variety 3
525,Vegetable,Zucchini Variety 4
526,Vegetable,Zucchini Variety 5
527,Vegetable,Zucchini Variety 6
528,Vegetable,Zucchini Variety 7
529,Vegetable,Zucchini Variety 8
530,Vegetable,Zucchini Variety 9
531,Vegetable,Zucchini Variety 10
532,Vegetable,Zucchini Variety 11
533,Vegetable,Zucchini Variety 12
534,Vegetable,Kale
535,Vegetable,Kale Variety 1
536,Vegetable,Kale Variety 2
537,Vegetable,Kale Variety 3
538,Vegetable,Kale Variety 4
539,Vegetable,Kale Variety 5
540,Vegetable,Kale Variety 6
541,Vegetable,Kale Variety 7
542,Vegetable,Kale Variety 8
543,Vegetable,Kale Variety 9
544,Vegetable,Kale Variety 10
545,Vegetable,Kale Variety 11
546,Vegetable,Kale Variety 12
547,Vegetable,Parsley
548,Vegetable,Parsley Variety 1
549,Vegetable,Parsley Variety 2
550,Vegetable,Parsley Variety 3
551,Vegetable,Parsley Variety 4
552,Vegetable,Parsley Variety 5
553,Vegetable,Parsley Variety 6
554,Vegetable,Parsley Variety 7
555,Vegetable,Parsley Variety 8
556,Vegetable,Parsley Variety 9
557,Vegetable,Parsley Variety 10
558,Vegetable,Parsley Variety 11
559,Vegetable,Parsley Variety 12
560,Vegetable,Dill
561,Vegetable,Dill Variety 1
562,Vegetable,Dill Variety 2
563,Vegetable,Dill Variety 3
564,Vegetable,Dill Variety 4
565,Vegetable,Dill Variety 5
566,Vegetable,Dill Variety 6
567,Vegetable,Dill Variety 7
568,Vegetable,Dill Variety 8
569,Vegetable,Dill Variety 9
570,Vegetable,Dill Variety 10
571,Vegetable,Dill Variety 11
572,Vegetable,Dill Variety 12
573,Vegetable,Artichoke
574,Vegetable,Artichoke Variety 1
575,Vegetable,Artichoke Variety 2
576,Vegetable,Artichoke Variety 3
577,Vegetable,Artichoke Variety 4
578,Vegetable,Artichoke Variety 5
579,Vegetable,Artichoke Variety 6
580,Vegetable,Artichoke Variety 7
581,Vegetable,Artichoke Variety 8
582,Vegetable,Artichoke Variety 9
583,Vegetable,Artichoke Variety 10
584,Vegetable,Artichoke Variety 11
585,Vegetable,Artichoke Variety 12
586,Vegetable,Asparagus
587,Vegetable,Asparagus Variety 1
588,Vegetable,Asparagus Variety 2
589,Vegetable,Asparagus Variety 3
590,Vegetable,Asparagus Variety 4
591,Vegetable,Asparagus Variety 5
592,Vegetable,Asparagus Variety 6
593,Vegetable,Asparagus Variety 7
594,Vegetable,Asparagus Variety 8
595,Vegetable,Asparagus Variety 9
596,Vegetable,Asparagus Variety 10
597,Vegetable,Asparagus Variety 11
598,Vegetable,Asparagus Variety 12
599,Vegetable,Bok Choy
600,Vegetable,Bok Choy Variety 1
601,Vegetable,Bok Choy Variety 2
602,Vegetable,Bok Choy Variety 3
603,Vegetable,Bok Choy Variety 4
604,Vegetable,Bok Choy Variety 5
605,Vegetable,Bok Choy Variety 6
606,Vegetable,Bok Choy Variety 7
607,Vegetable,Bok Choy Variety 8
608,Vegetable,Bok Choy Variety 9
609,Vegetable,Bok Choy Variety 10
610,Vegetable,Bok Choy Variety 11
611,Vegetable,Bok Choy Variety 12
612,Vegetable,Turnip
613,Vegetable,Turnip Variety 1
614,Vegetable,Turnip Variety 2
615,Vegetable,Turnip Variety 3
616,Vegetable,Turnip Variety 4
617,Vegetable,Turnip Variety 5
618,Vegetable,Turnip Variety 6
619,Vegetable,Turnip Variety 7
620,Vegetable,Turnip Variety 8
621,Vegetable,Turnip Variety 9
622,Vegetable,Turnip Variety 10
623,Vegetable,Turnip Variety 11
624,Vegetable,Turnip Variety 12
625,Vegetable,Knol Khol
626,Vegetable,Knol Khol Variety 1
627,Vegetable,Knol Khol Variety 2
628,Vegetable,Knol Khol Variety 3
629,Vegetable,Knol Khol Variety 4
630,Vegetable,Knol Khol Variety 5
631,Vegetable,Knol Khol Variety 6
632,Vegetable,Knol Khol Variety 7
633,Vegetable,Knol Khol Variety 8
634,Vegetable,Knol Khol Variety 9
635,Vegetable,Knol Khol Variety 10
636,Vegetable,Knol Khol Variety 11
637,Vegetable,Knol Khol Variety 12
638,Fruit,Apple
639,Fruit,Apple Variety 1
640,Fruit,Apple Variety 2
641,Fruit,Apple Variety 3
642,Fruit,Apple Variety 4
643,Fruit,Apple Variety 5
644,Fruit,Apple Variety 6
645,Fruit,Apple Variety 7
646,Fruit,Apple Variety 8
647,Fruit,Apple Variety 9
648,Fruit,Apple Variety 10
649,Fruit,Apple Variety 11
650,Fruit,Apple Variety 12
651,Fruit,Banana
652,Fruit,Banana Variety 1
653,Fruit,Banana Variety 2
654,Fruit,Banana Variety 3
655,Fruit,Banana Variety 4
656,Fruit,Banana Variety 5
657,Fruit,Banana Variety 6
658,Fruit,Banana Variety 7
659,Fruit,Banana Variety 8
660,Fruit,Banana Variety 9
661,Fruit,Banana Variety 10
662,Fruit,Banana Variety 11
663,Fruit,Banana Variety 12
664,Fruit,Mango
665,Fruit,Mango Variety 1
666,Fruit,Mango Variety 2
667,Fruit,Mango Variety 3
668,Fruit,Mango Variety 4
669,Fruit,Mango Variety 5
670,Fruit,Mango Variety 6
671,Fruit,Mango Variety 7
672,Fruit,Mango Variety 8
673,Fruit,Mango Variety 9
674,Fruit,Mango Variety 10
675,Fruit,Mango Variety 11
676,Fruit,Mango Variety 12
677,Fruit,Orange
678,Fruit,Orange Variety 1
679,Fruit,Orange Variety 2
680,Fruit,Orange Variety 3
681,Fruit,Orange Variety 4
682,Fruit,Orange Variety 5
683,Fruit,Orange Variety 6
684,Fruit,Orange Variety 7
685,Fruit,Orange Variety 8
686,Fruit,Orange Variety 9
687,Fruit,Orange Variety 10
688,Fruit,Orange Variety 11
689,Fruit,Orange Variety 12
690,Fruit,Sweet Lime
691,Fruit,Sweet Lime Variety 1
692,Fruit,Sweet Lime Variety 2
693,Fruit,Sweet Lime Variety 3
694,Fruit,Sweet Lime Variety 4
695,Fruit,Sweet Lime Variety 5
696,Fruit,Sweet Lime Variety 6
697,Fruit,Sweet Lime Variety 7
698,Fruit,Sweet Lime Variety 8
699,Fruit,Sweet Lime Variety 9
700,Fruit,Sweet Lime Variety 10
701,Fruit,Sweet Lime Variety 11
702,Fruit,Sweet Lime Variety 12
703,Fruit,Lemon
704,Fruit,Lemon Variety 1
705,Fruit,Lemon Variety 2
706,Fruit,Lemon Variety 3
707,Fruit,Lemon Variety 4
708,Fruit,Lemon Variety 5
709,Fruit,Lemon Variety 6
710,Fruit,Lemon Variety 7
711,Fruit,Lemon Variety 8
712,Fruit,Lemon Variety 9
713,Fruit,Lemon Variety 10
714,Fruit,Lemon Variety 11
715,Fruit,Lemon Variety 12
716,Fruit,Papaya
717,Fruit,Papaya Variety 1
718,Fruit,Papaya Variety 2
719,Fruit,Papaya Variety 3
720,Fruit,Papaya Variety 4
721,Fruit,Papaya Variety 5
722,Fruit,Papaya Variety 6
723,Fruit,Papaya Variety 7
724,Fruit,Papaya Variety 8
725,Fruit,Papaya Variety 9
726,Fruit,Papaya Variety 10
727,Fruit,Papaya Variety 11
728,Fruit,Papaya Variety 12
729,Fruit,Guava
730,Fruit,Guava Variety 1
731,Fruit,Guava Variety 2
732,Fruit,Guava Variety 3
733,Fruit,Guava Variety 4
734,Fruit,Guava Variety 5
735,Fruit,Guava Variety 6
736,Fruit,Guava Variety 7
737,Fruit,Guava Variety 8
738,Fruit,Guava Variety 9
739,Fruit,Guava Variety 10
740,Fruit,Guava Variety 11
741,Fruit,Guava Variety 12
742,Fruit,Pineapple
743,Fruit,Pineapple Variety 1
744,Fruit,Pineapple Variety 2
745,Fruit,Pineapple Variety 3
746,Fruit,Pineapple Variety 4
747,Fruit,Pineapple Variety 5
748,Fruit,Pineapple Variety 6
749,Fruit,Pineapple Variety 7
750,Fruit,Pineapple Variety 8
751,Fruit,Pineapple Variety 9
752,Fruit,Pineapple Variety 10
753,Fruit,Pineapple Variety 11
754,Fruit,Pineapple Variety 12
755,Fruit,Watermelon
756,Fruit,Watermelon Variety 1
757,Fruit,Watermelon Variety 2
758,Fruit,Watermelon Variety 3
759,Fruit,Watermelon Variety 4
760,Fruit,Watermelon Variety 5
761,Fruit,Watermelon Variety 6
762,Fruit,Watermelon Variety 7
763,Fruit,Watermelon Variety 8
764,Fruit,Watermelon Variety 9
765,Fruit,Watermelon Variety 10
766,Fruit,Watermelon Variety 11
767,Fruit,Watermelon Variety 12
768,Fruit,Muskmelon
769,Fruit,Muskmelon Variety 1
770,Fruit,Muskmelon Variety 2
771,Fruit,Muskmelon Variety 3
772,Fruit,Muskmelon Variety 4
773,Fruit,Muskmelon Variety 5
774,Fruit,Muskmelon Variety 6
775,Fruit,Muskmelon Variety 7
776,Fruit,Muskmelon Variety 8
777,Fruit,Muskmelon Variety 9
778,Fruit,Muskmelon Variety 10
779,Fruit,Muskmelon Variety 11
780,Fruit,Muskmelon Variety 12
781,Fruit,Pomegranate
782,Fruit,Pomegranate Variety 1
783,Fruit,Pomegranate Variety 2
784,Fruit,Pomegranate Variety 3
785,Fruit,Pomegranate Variety 4
786,Fruit,Pomegranate Variety 5
787,Fruit,Pomegranate Variety 6
788,Fruit,Pomegranate Variety 7
789,Fruit,Pomegranate Variety 8
790,Fruit,Pomegranate Variety 9
791,Fruit,Pomegranate Variety 10
792,Fruit,Pomegranate Variety 11
793,Fruit,Pomegranate Variety 12
794,Fruit,Grapes
795,Fruit,Grapes Variety 1
796,Fruit,Grapes Variety 2
797,Fruit,Grapes Variety 3
798,Fruit,Grapes Variety 4
799,Fruit,Grapes Variety 5
800,Fruit,Grapes Variety 6
801,Fruit,Grapes Variety 7
802,Fruit,Grapes Variety 8
803,Fruit,Grapes Variety 9
804,Fruit,Grapes Variety 10
805,Fruit,Grapes Variety 11
806,Fruit,Grapes Variety 12
807,Fruit,Strawberry
808,Fruit,Strawberry Variety 1
809,Fruit,Strawberry Variety 2
810,Fruit,Strawberry Variety 3
811,Fruit,Strawberry Variety 4
812,Fruit,Strawberry Variety 5
813,Fruit,Strawberry Variety 6
814,Fruit,Strawberry Variety 7
815,Fruit,Strawberry Variety 8
816,Fruit,Strawberry Variety 9
817,Fruit,Strawberry Variety 10
818,Fruit,Strawberry Variety 11
819,Fruit,Strawberry Variety 12
820,Fruit,Blueberry
821,Fruit,Blueberry Variety 1
822,Fruit,Blueberry Variety 2
823,Fruit,Blueberry Variety 3
824,Fruit,Blueberry Variety 4
825,Fruit,Blueberry Variety 5
826,Fruit,Blueberry Variety 6
827,Fruit,Blueberry Variety 7
828,Fruit,Blueberry Variety 8
829,Fruit,Blueberry Variety 9
830,Fruit,Blueberry Variety 10
831,Fruit,Blueberry Variety 11
832,Fruit,Blueberry Variety 12
833,Fruit,Blackberry
834,Fruit,Blackberry Variety 1
835,Fruit,Blackberry Variety 2
836,Fruit,Blackberry Variety 3
837,Fruit,Blackberry Variety 4
838,Fruit,Blackberry Variety 5
839,Fruit,Blackberry Variety 6
840,Fruit,Blackberry Variety 7
841,Fruit,Blackberry Variety 8
842,Fruit,Blackberry Variety 9
843,Fruit,Blackberry Variety 10
844,Fruit,Blackberry Variety 11
845,Fruit,Blackberry Variety 12
846,Fruit,Cherry
847,Fruit,Cherry Variety 1
848,Fruit,Cherry Variety 2
849,Fruit,Cherry Variety 3
850,Fruit,Cherry Variety 4
851,Fruit,Cherry Variety 5
852,Fruit,Cherry Variety 6
853,Fruit,Cherry Variety 7
854,Fruit,Cherry Variety 8
855,Fruit,Cherry Variety 9
856,Fruit,Cherry Variety 10
857,Fruit,Cherry Variety 11
858,Fruit,Cherry Variety 12
859,Fruit,Peach
860,Fruit,Peach Variety 1
861,Fruit,Peach Variety 2
862,Fruit,Peach Variety 3
863,Fruit,Peach Variety 4
864,Fruit,Peach Variety 5
865,Fruit,Peach Variety 6
866,Fruit,Peach Variety 7
867,Fruit,Peach Variety 8
868,Fruit,Peach Variety 9
869,Fruit,Peach Variety 10
870,Fruit,Peach Variety 11
871,Fruit,Peach Variety 12
872,Fruit,Pear
873,Fruit,Pear Variety 1
874,Fruit,Pear Variety 2
875,Fruit,Pear Variety 3
876,Fruit,Pear Variety 4
877,Fruit,Pear Variety 5
878,Fruit,Pear Variety 6
879,Fruit,Pear Variety 7
880,Fruit,Pear Variety 8
881,Fruit,Pear Variety 9
882,Fruit,Pear Variety 10
883,Fruit,Pear Variety 11
884,Fruit,Pear Variety 12
885,Fruit,Plum
886,Fruit,Plum Variety 1
887,Fruit,Plum Variety 2
888,Fruit,Plum Variety 3
889,Fruit,Plum Variety 4
890,Fruit,Plum Variety 5
891,Fruit,Plum Variety 6
892,Fruit,Plum Variety 7
893,Fruit,Plum Variety 8
894,Fruit,Plum Variety 9
895,Fruit,Plum Variety 10
896,Fruit,Plum Variety 11
897,Fruit,Plum Variety 12
898,Fruit,Litchi
899,Fruit,Litchi Variety 1
900,Fruit,Litchi Variety 2
901,Fruit,Litchi Variety 3
902,Fruit,Litchi Variety 4
903,Fruit,Litchi Variety 5
904,Fruit,Litchi Variety 6
905,Fruit,Litchi Variety 7
906,Fruit,Litchi Variety 8
907,Fruit,Litchi Variety 9
908,Fruit,Litchi Variety 10
909,Fruit,Litchi Variety 11
910,Fruit,Litchi Variety 12
911,Fruit,Custard Apple
912,Fruit,Custard Apple Variety 1
913,Fruit,Custard Apple Variety 2
914,Fruit,Custard Apple Variety 3
915,Fruit,Custard Apple Variety 4
916,Fruit,Custard Apple Variety 5
917,Fruit,Custard Apple Variety 6
918,Fruit,Custard Apple Variety 7
919,Fruit,Custard Apple Variety 8
920,Fruit,Custard Apple Variety 9
921,Fruit,Custard Apple Variety 10
922,Fruit,Custard Apple Variety 11
923,Fruit,Custard Apple Variety 12
924,Fruit,Sapota
925,Fruit,Sapota Variety 1
926,Fruit,Sapota Variety 2
927,Fruit,Sapota Variety 3
928,Fruit,Sapota Variety 4
929,Fruit,Sapota Variety 5
930,Fruit,Sapota Variety 6
931,Fruit,Sapota Variety 7
932,Fruit,Sapota Variety 8
933,Fruit,Sapota Variety 9
934,Fruit,Sapota Variety 10
935,Fruit,Sapota Variety 11
936,Fruit,Sapota Variety 12
937,Fruit,Jackfruit
938,Fruit,Jackfruit Variety 1
939,Fruit,Jackfruit Variety 2
940,Fruit,Jackfruit Variety 3
941,Fruit,Jackfruit Variety 4
942,Fruit,Jackfruit Variety 5
943,Fruit,Jackfruit Variety 6
944,Fruit,Jackfruit Variety 7
945,Fruit,Jackfruit Variety 8
946,Fruit,Jackfruit Variety 9
947,Fruit,Jackfruit Variety 10
948,Fruit,Jackfruit Variety 11
949,Fruit,Jackfruit Variety 12
950,Fruit,Coconut
951,Fruit,Coconut Variety 1
952,Fruit,Coconut Variety 2
953,Fruit,Coconut Variety 3
954,Fruit,Coconut Variety 4
955,Fruit,Coconut Variety 5
956,Fruit,Coconut Variety 6
957,Fruit,Coconut Variety 7
958,Fruit,Coconut Variety 8
959,Fruit,Coconut Variety 9
960,Fruit,Coconut Variety 10
961,Fruit,Coconut Variety 11
962,Fruit,Coconut Variety 12
963,Fruit,Amla
964,Fruit,Amla Variety 1
965,Fruit,Amla Variety 2
966,Fruit,Amla Variety 3
967,Fruit,Amla Variety 4
968,Fruit,Amla Variety 5
969,Fruit,Amla Variety 6
970,Fruit,Amla Variety 7
971,Fruit,Amla Variety 8
972,Fruit,Amla Variety 9
973,Fruit,Amla Variety 10
974,Fruit,Amla Variety 11
975,Fruit,Amla Variety 12
976,Fruit,Fig
977,Fruit,Fig Variety 1
978,Fruit,Fig Variety 2
979,Fruit,Fig Variety 3
980,Fruit,Fig Variety 4
981,Fruit,Fig Variety 5
982,Fruit,Fig Variety 6
983,Fruit,Fig Variety 7
984,Fruit,Fig Variety 8
985,Fruit,Fig Variety 9
986,Fruit,Fig Variety 10
987,Fruit,Fig Variety 11
988,Fruit,Fig Variety 12
989,Fruit,Dragon Fruit
990,Fruit,Dragon Fruit Variety 1
991,Fruit,Dragon Fruit Variety 2
992,Fruit,Dragon Fruit Variety 3
993,Fruit,Dragon Fruit Variety 4
994,Fruit,Dragon Fruit Variety 5
995,Fruit,Dragon Fruit Variety 6
996,Fruit,Dragon Fruit Variety 7
997,Fruit,Dragon Fruit Variety 8
998,Fruit,Dragon Fruit Variety 9
999,Fruit,Dragon Fruit Variety 10
1000,Fruit,Dragon Fruit Variety 11
1001,Fruit,Dragon Fruit Variety 12
1002,Fruit,Kiwi
1003,Fruit,Kiwi Variety 1
1004,Fruit,Kiwi Variety 2
1005,Fruit,Kiwi Variety 3
1006,Fruit,Kiwi Variety 4
1007,Fruit,Kiwi Variety 5
1008,Fruit,Kiwi Variety 6
1009,Fruit,Kiwi Variety 7
1010,Fruit,Kiwi Variety 8
1011,Fruit,Kiwi Variety 9
1012,Fruit,Kiwi Variety 10
1013,Fruit,Kiwi Variety 11
1014,Fruit,Kiwi Variety 12
1015,Fruit,Avocado
1016,Fruit,Avocado Variety 1
1017,Fruit,Avocado Variety 2
1018,Fruit,Avocado Variety 3
1019,Fruit,Avocado Variety 4
1020,Fruit,Avocado Variety 5
1021,Fruit,Avocado Variety 6
1022,Fruit,Avocado Variety 7
1023,Fruit,Avocado Variety 8
1024,Fruit,Avocado Variety 9
1025,Fruit,Avocado Variety 10
1026,Fruit,Avocado Variety 11
1027,Fruit,Avocado Variety 12
1028,Fruit,Jamun
1029,Fruit,Jamun Variety 1
1030,Fruit,Jamun Variety 2
1031,Fruit,Jamun Variety 3
1032,Fruit,Jamun Variety 4
1033,Fruit,Jamun Variety 5
1034,Fruit,Jamun Variety 6
1035,Fruit,Jamun Variety 7
1036,Fruit,Jamun Variety 8
1037,Fruit,Jamun Variety 9
1038,Fruit,Jamun Variety 10
1039,Fruit,Jamun Variety 11
1040,Fruit,Jamun Variety 12
1041,Fruit,Dates
1042,Fruit,Dates Variety 1
1043,Fruit,Dates Variety 2
1044,Fruit,Dates Variety 3
1045,Fruit,Dates Variety 4
1046,Fruit,Dates Variety 5
1047,Fruit,Dates Variety 6
1048,Fruit,Dates Variety 7
1049,Fruit,Dates Variety 8
1050,Fruit,Dates Variety 9
1051,Fruit,Dates Variety 10
1052,Fruit,Dates Variety 11
1053,Fruit,Dates Variety 12
